login,full_name,created_at,stargazers_count,watchers_count,language,has_projects,has_wiki,license_name
iamgroot42,iamgroot42/Backdoor_DPR,2024-10-23 15:54:23+00:00,0,0,',1,1,'
BobGerman,BobGerman/Copilot-for-M365-Samples,2024-10-23 15:41:37+00:00,0,0,',1,0,MIT License
weihanglo,weihanglo/rust-openssl,2024-10-22 18:39:14+00:00,0,0,',1,0,'
railwaycat,railwaycat/envoy,2024-10-22 18:35:12+00:00,0,0,',1,1,Apache License 2.0
neuralmagic,neuralmagic/mistral-evals,2024-10-22 17:14:50+00:00,0,0,',1,1,'
lyoshenka,lyoshenka/512kb.club,2024-10-22 15:47:01+00:00,0,0,',1,1,MIT License
nareshbhatia,nareshbhatia/autonomous-research,2024-10-21 16:12:48+00:00,0,0,TypeScript,1,1,'
LimHyungTae,LimHyungTae/Kimera-Multi-Data,2024-10-21 15:15:17+00:00,0,0,',1,1,MIT License
Foundation-Devices,Foundation-Devices/hummingbird,2024-10-21 11:59:41+00:00,0,0,',1,1,Apache License 2.0
MTACS,MTACS/CarFlex,2024-10-21 04:36:06+00:00,8,8,Logos,0,0,'
Krastanov,Krastanov/dreame-vacuum,2024-10-19 21:34:50+00:00,0,0,',1,1,MIT License
philzook58,philzook58/bril,2024-10-18 16:16:54+00:00,0,0,',1,1,MIT License
andralex,andralex/cccl,2024-10-17 14:38:55+00:00,0,0,',1,1,Other
timbl,timbl/profile-pane,2024-10-17 14:38:20+00:00,1,1,TypeScript,1,1,'
hbctraining,hbctraining/github_pages_demo,2024-10-17 13:22:27+00:00,0,0,SCSS,1,1,'
vtjnash,vtjnash/Aqua.jl,2024-10-15 16:37:12+00:00,0,0,',1,1,MIT License
greyson-signal,greyson-signal/privacy-configuration,2024-10-15 15:21:58+00:00,0,0,',1,0,Other
brohrer,brohrer/dotcom,2024-10-15 02:15:48+00:00,0,0,HTML,1,1,'
brohrer,brohrer/dsmq,2024-10-14 02:34:37+00:00,0,0,Python,1,1,MIT License
JohnbelMDev,JohnbelMDev/AppleDNS,2024-10-13 15:51:11+00:00,0,0,',1,1,'
djcas9,djcas9/brainchop,2024-10-13 14:16:27+00:00,0,0,',1,1,MIT License
makslevental,makslevental/iree,2024-10-13 01:09:37+00:00,0,0,C++,1,1,Apache License 2.0
timmywheels,timmywheels/agents-playground,2024-10-12 16:14:26+00:00,0,0,',1,0,Apache License 2.0
zachmayer,zachmayer/linkinator,2024-10-12 13:17:27+00:00,0,0,',1,0,MIT License
MatthewPeterKelly,MatthewPeterKelly/polynomial-rs,2024-10-12 10:11:44+00:00,0,0,Rust,1,1,MIT License
zachmayer,zachmayer/link-checker,2024-10-11 21:45:18+00:00,0,0,',0,0,"BSD 3-Clause ""New"" or ""Revised"" License"
dylanebert,dylanebert/HAHA,2024-10-11 18:37:43+00:00,0,0,',1,1,"BSD 3-Clause ""New"" or ""Revised"" License"
dylanebert,dylanebert/CityGaussian,2024-10-11 17:55:29+00:00,0,0,',1,1,Other
Upstatement,Upstatement/baselayer-docs,2024-10-11 12:12:27+00:00,0,0,MDX,1,1,'
darkerego,darkerego/create3Deployer,2024-10-11 08:24:05+00:00,0,0,Solidity,1,1,'
mdmintz,mdmintz/MyCDP,2024-10-11 01:04:35+00:00,1,1,Python,1,1,MIT License
robsimmons,robsimmons/dusa-artifact,2024-10-10 15:28:29+00:00,0,0,JavaScript,1,1,'
cacheflowe,cacheflowe/pshader-examples,2024-10-09 14:10:28+00:00,1,1,',1,1,'
philzook58,philzook58/arip,2024-10-08 00:24:37+00:00,0,0,',1,1,'
philzook58,philzook58/awesome-egraphs,2024-10-07 15:13:55+00:00,88,88,',1,1,MIT License
tekknolagi,tekknolagi/200andchange,2024-10-06 14:44:35+00:00,0,0,JavaScript,1,1,'
mattfeltonma,mattfeltonma/azure-openai-load-testing,2024-10-06 00:27:13+00:00,0,0,HCL,1,1,MIT License
bellesea,bellesea/bellesea,2024-10-05 15:08:05+00:00,2,2,',1,1,'
johntango,johntango/AssistantAgentFuncs002,2024-10-05 14:56:36+00:00,0,0,JavaScript,1,1,MIT License
pdurbin,pdurbin/Aditya8840,2024-10-05 11:13:01+00:00,0,0,',1,1,'
iamgroot42,iamgroot42/clean-fid,2024-10-04 21:39:13+00:00,0,0,',1,1,MIT License
dgiese,dgiese/certmitm,2024-10-04 18:07:49+00:00,0,0,',1,1,MIT License
astuyve,astuyve/lambda-new-timeout-crash,2024-10-03 17:59:42+00:00,0,0,JavaScript,1,1,'
alamb,alamb/futures-rs,2024-10-03 13:26:19+00:00,0,0,',1,0,Apache License 2.0
stites,stites/afwall,2024-10-03 01:24:53+00:00,0,0,Java,1,1,GNU General Public License v3.0
neuralmagic,neuralmagic/mteb,2024-10-02 23:50:09+00:00,0,0,',1,1,Apache License 2.0
nixpulvis,nixpulvis/bevy_editor_prototypes,2024-10-02 18:33:43+00:00,1,1,',1,1,Apache License 2.0
Dynatrace,Dynatrace/demo-crossplane,2024-10-01 00:51:28+00:00,1,1,Shell,0,0,Apache License 2.0
timcappalli,timcappalli/explainers,2024-09-30 20:36:24+00:00,0,0,',1,1,'
ertuil,ertuil/eqqr,2024-09-28 06:24:16+00:00,0,0,Python,1,1,MIT License
lmweber,lmweber/BestPracticesST,2024-09-27 23:41:51+00:00,0,0,',1,1,'
fangq,fangq/BIOE5060_Fall_2024,2024-09-27 22:38:22+00:00,0,0,C,1,1,"BSD 3-Clause ""New"" or ""Revised"" License"
dylanebert,dylanebert/2d-gaussian-splatting,2024-09-27 17:12:18+00:00,1,1,',1,1,Other
zachmayer,zachmayer/dpo-pairs,2024-09-26 14:16:12+00:00,0,0,TypeScript,1,1,"BSD 3-Clause ""New"" or ""Revised"" License"
snyk-labs,snyk-labs/ConferenceBooking-DCAIF,2024-09-25 22:09:59+00:00,0,0,Java,1,1,'
maddymontaquila,maddymontaquila/PolyglotAspire,2024-09-25 21:42:51+00:00,1,1,Python,1,1,'
lmweber,lmweber/BestPracticesSTBiocBook,2024-09-25 17:32:18+00:00,0,0,TeX,1,1,'
lmweber,lmweber/BookTestingBookdown,2024-09-25 16:07:40+00:00,0,0,SCSS,1,1,Other
lmweber,lmweber/BookTestingBiocBook,2024-09-25 15:37:50+00:00,0,0,SCSS,1,1,'
lmweber,lmweber/book-testing-bookdown,2024-09-25 15:26:56+00:00,0,0,TeX,1,1,'
mautic,mautic/hacktoberfest-no-code,2024-09-25 11:41:50+00:00,5,5,',0,1,GNU General Public License v3.0
lmweber,lmweber/BiocBookTesting4,2024-09-25 01:03:57+00:00,0,0,SCSS,1,1,Other
brohrer,brohrer/datawebring,2024-09-24 23:49:39+00:00,0,0,',1,1,'
lmweber,lmweber/BiocBookTesting3,2024-09-24 21:22:05+00:00,0,0,SCSS,1,1,Other
lmweber,lmweber/BiocBookTesting2,2024-09-24 20:37:51+00:00,0,0,SCSS,1,1,'
CharlesCreativeContent,CharlesCreativeContent/helpinghands,2024-09-24 02:49:00+00:00,2,2,HTML,1,1,'
FedeClaudi,FedeClaudi/falcon-challenge,2024-09-23 20:42:12+00:00,0,0,',1,1,MIT License
lmweber,lmweber/BiocBookTesting,2024-09-23 18:31:35+00:00,0,0,HTML,1,1,Other
dragonstyle,dragonstyle/aioboto3,2024-09-23 18:17:51+00:00,0,0,Python,1,1,Apache License 2.0
LanceMcCarthy,LanceMcCarthy/ActionsAndWorkflows,2024-09-23 15:32:53+00:00,1,1,',1,1,The Unlicense
eyeseast,eyeseast/boston-restaurants,2024-09-22 21:33:34+00:00,0,0,Makefile,1,1,'
evan,evan/kobraneo,2024-09-21 15:24:18+00:00,0,0,',1,1,'
alexcjohnson,alexcjohnson/panel,2024-09-21 14:04:47+00:00,0,0,',1,1,"BSD 3-Clause ""New"" or ""Revised"" License"
timmywheels,timmywheels/ai-sdk-preview-rag,2024-09-21 11:54:43+00:00,0,0,',1,0,'
CharlesCreativeContent,CharlesCreativeContent/copyHelper,2024-09-21 06:39:52+00:00,2,2,HTML,1,1,'
astorije,astorije/bulletproof-react,2024-09-21 04:30:43+00:00,0,0,',1,1,MIT License
aaxwaz,aaxwaz/ai-toolkit,2024-09-20 22:41:50+00:00,0,0,',1,1,MIT License
dylanebert,dylanebert/InstantTexture,2024-09-20 17:40:32+00:00,38,38,Jupyter Notebook,1,1,'
alamb,alamb/delta-rs,2024-09-20 10:40:54+00:00,0,0,',1,0,Apache License 2.0
xianfei,xianfei/WeChatMassTool-uiautomation,2024-09-20 09:35:29+00:00,0,0,',1,1,MIT License
darkerego,darkerego/1inch_wrapper,2024-09-19 23:53:31+00:00,0,0,Python,1,1,MIT License
jeremydaly,jeremydaly/gitpod-app,2024-09-19 15:41:43+00:00,0,0,TypeScript,1,1,'
johntango,johntango/AssistantAgent001,2024-09-19 15:36:12+00:00,0,0,HTML,1,1,MIT License
jaebradley,jaebradley/bb,2024-09-19 00:49:55+00:00,0,0,TypeScript,1,1,MIT License
dragonstyle,dragonstyle/agent-eval-harness,2024-09-18 20:45:07+00:00,0,0,Python,1,1,'
ngehlenborg,ngehlenborg/workspace_tutorial,2024-09-18 16:13:23+00:00,0,0,',1,0,'
jwalsh,jwalsh/builder-workspace,2024-09-18 04:14:18+00:00,0,0,Python,1,1,'
nedbat,nedbat/branch_play3,2024-09-17 12:28:25+00:00,1,1,',1,1,'
nedbat,nedbat/branch_play2,2024-09-17 12:08:55+00:00,1,1,',1,1,'
BobGerman,BobGerman/copilot-pro-dev-samples,2024-09-16 14:19:56+00:00,0,0,',1,1,MIT License
rafalab,rafalab/example,2024-09-16 13:53:54+00:00,0,0,',1,1,'
johntango,johntango/aiReactionTest,2024-09-16 13:10:34+00:00,0,0,JavaScript,1,1,MIT License
alamb,alamb/datafusion-functions-json,2024-09-16 11:29:22+00:00,0,0,',1,0,Apache License 2.0
nedbat,nedbat/branch_play,2024-09-16 11:13:17+00:00,0,0,',1,1,'
Btibert3,Btibert3/BA882-Fall24-InClass-Project,2024-09-15 16:56:24+00:00,0,0,Python,1,1,'
klaviyo,klaviyo/buildkite-agent-metrics,2024-09-15 13:42:28+00:00,0,0,',1,0,MIT License
nixpulvis,nixpulvis/bevy_sqlx,2024-09-15 07:58:22+00:00,7,7,Rust,1,1,'
philzook58,philzook58/copyboot,2024-09-14 23:11:51+00:00,0,0,C,1,1,'
wwylele,wwylele/biased-bisect-manim,2024-09-14 18:33:45+00:00,0,0,Python,1,1,'
fangq,fangq/cedalion,2024-09-14 09:57:30+00:00,0,0,',1,0,MIT License
Krastanov,Krastanov/Graphs.jl,2024-09-14 03:12:04+00:00,0,0,',1,0,Other
Krastanov,Krastanov/GraphsMatching.jl,2024-09-13 17:29:08+00:00,0,0,',1,1,Other
KeithGalli,KeithGalli/forked-report-design-test,2024-09-13 15:19:15+00:00,0,0,',1,0,MIT License
mautic,mautic/marketplace-frontend,2024-09-13 12:51:10+00:00,1,1,JavaScript,1,1,'
jwalsh,jwalsh/Based-on-the-project-summary-provided-here-is-a-suggested-GitHub-repository-name-codenexus-Ratio,2024-09-13 12:46:31+00:00,0,0,',1,1,'
djcas9,djcas9/automerge,2024-09-12 16:41:53+00:00,0,0,',1,1,MIT License
jwalsh,jwalsh/amazon-bedrock-prompt-evaluation,2024-09-12 15:09:21+00:00,0,0,Python,1,1,Apache License 2.0
cameronraysmith,cameronraysmith/aiken,2024-09-12 04:00:41+00:00,0,0,',1,0,Apache License 2.0
freddiev4,freddiev4/ragas,2024-09-11 19:51:58+00:00,0,0,',1,0,Apache License 2.0
Foundation-Devices,Foundation-Devices/bsdiff-rs,2024-09-11 13:47:29+00:00,0,0,',1,1,Other
makslevental,makslevental/julia-standalone-mlir-c-api,2024-09-10 12:29:17+00:00,0,0,C++,1,1,Apache License 2.0
lh3,lh3/bre,2024-09-10 00:54:53+00:00,5,5,TeX,0,0,'
DockYard,DockYard/alpha,2024-09-10 00:16:30+00:00,0,0,Elixir,1,1,'
bcardarella,bcardarella/Swift-SemVer,2024-09-09 22:15:57+00:00,0,0,',1,1,Other
odewahn,odewahn/ai-bcc-samples,2024-09-09 14:17:43+00:00,0,0,',1,1,'
alamb,alamb/datafusion-dft,2024-09-08 17:07:01+00:00,1,1,',1,1,Apache License 2.0
nixpulvis,nixpulvis/bevy,2024-09-07 20:18:21+00:00,0,0,',1,0,Apache License 2.0
arjunguha,arjunguha/charlie-the-coding-cow-classroom,2024-09-07 13:35:36+00:00,0,0,Python,0,0,"BSD 3-Clause ""New"" or ""Revised"" License"
pentium3,pentium3/CAPSys,2024-09-06 21:52:44+00:00,0,0,Java,1,1,Apache License 2.0
maddymontaquila,maddymontaquila/funcolors,2024-09-06 04:58:36+00:00,16,16,C#,1,1,'
wengong-jin,wengong-jin/wengong-jin.github.io,2024-09-05 21:38:09+00:00,0,0,HTML,1,1,MIT License
johnny-rice,johnny-rice/abctl,2024-09-05 19:20:50+00:00,0,0,Go,1,0,MIT License
djcas9,djcas9/cal.com,2024-09-05 12:22:40+00:00,0,0,',1,0,Other
vEnhance,vEnhance/1802,2024-09-05 11:25:03+00:00,0,0,Typst,1,1,MIT License
dylanebert,dylanebert/InstantMesh,2024-09-04 18:02:56+00:00,1,1,Jupyter Notebook,1,1,Apache License 2.0
seflless,seflless/build-your-own-x,2024-09-04 16:49:51+00:00,0,0,',1,0,'
jeffwhelpley,jeffwhelpley/offlineai,2024-09-03 22:08:46+00:00,0,0,HTML,1,1,'
jwalsh,jwalsh/aif-c01,2024-09-03 21:40:19+00:00,4,4,Python,1,1,MIT License
DockYard,DockYard/Elixir-app,2024-09-03 19:12:06+00:00,1,1,',1,1,'
eyurtsev,eyurtsev/migrate-pydantic,2024-09-03 15:44:00+00:00,2,2,',1,1,'
makslevental,makslevental/iree-amd-aie,2024-09-03 13:28:38+00:00,0,0,MLIR,1,1,Apache License 2.0
Foundation-Devices,Foundation-Devices/guix-foundation,2024-09-03 09:36:58+00:00,1,1,Scheme,1,1,'
KeithGalli,KeithGalli/country-analytics,2024-09-02 18:06:56+00:00,5,5,HTML,1,1,MIT License
nirvdrum,nirvdrum/bootstrap-rubygem,2024-09-02 03:55:14+00:00,0,0,',1,1,MIT License
makslevental,makslevental/iree-standalone,2024-09-01 04:22:59+00:00,2,2,C,1,1,Apache License 2.0
berquist,berquist/.github,2024-08-31 20:08:53+00:00,0,0,',1,1,GNU General Public License v3.0
dsandler,dsandler/kickstart.nvim,2024-08-31 17:26:11+00:00,0,0,',1,1,MIT License
anandijain,anandijain/app-registration-nonsense,2024-08-31 01:19:44+00:00,0,0,',1,1,'
djcas9,djcas9/CyberChef,2024-08-30 20:45:34+00:00,0,0,',1,1,Apache License 2.0
Kirpal,Kirpal/flutter-radar,2024-08-30 17:35:51+00:00,0,0,',1,1,Apache License 2.0
davidbau,davidbau/cs7180,2024-08-30 15:22:45+00:00,7,7,HTML,1,1,'
agrosner,agrosner/apollo-kotlin,2024-08-29 17:21:09+00:00,0,0,',1,1,MIT License
klaviyo,klaviyo/connectors,2024-08-26 17:00:28+00:00,0,0,Python,1,1,Apache License 2.0
haozhu233,haozhu233/cs169,2024-08-26 14:55:22+00:00,0,0,',1,1,Other
ertuil,ertuil/Linux201-docs,2024-08-26 08:37:27+00:00,0,0,',1,0,Other
Foundation-Devices,Foundation-Devices/btcpayserver-helm,2024-08-26 00:51:02+00:00,0,0,',1,1,'
Btibert3,Btibert3/is834-binder,2024-08-25 19:47:29+00:00,0,0,',1,1,'
thePunderWoman,thePunderWoman/Belay,2024-08-25 16:47:44+00:00,0,0,',1,0,Other
freddiev4,freddiev4/Poke_Transporter_GB,2024-08-25 09:37:56+00:00,0,0,',1,0,MIT License
alexanderepstein,alexanderepstein/taskade,2024-08-25 02:51:01+00:00,0,0,Python,0,0,MIT License
nareshbhatia,nareshbhatia/drizzle-todo,2024-08-23 01:20:48+00:00,1,1,TypeScript,1,1,'
fedorov,fedorov/CDA-Community-Notebooks,2024-08-22 16:33:32+00:00,0,0,',1,0,'
bit101,bit101/boxbreath,2024-08-22 12:34:34+00:00,4,4,Go,1,1,MIT License
LeifAndersen,LeifAndersen/buck2,2024-08-22 12:30:55+00:00,0,0,',1,0,Apache License 2.0
neuralmagic,neuralmagic/flash-attention,2024-08-20 17:17:12+00:00,0,0,',1,0,"BSD 3-Clause ""New"" or ""Revised"" License"
timcappalli,timcappalli/oak,2024-08-19 17:36:23+00:00,0,0,',1,0,Apache License 2.0
mguay22,mguay22/jobber,2024-08-18 15:50:50+00:00,1,1,TypeScript,1,1,'
MTACS,MTACS/BetterDiscordLoader,2024-08-18 04:21:08+00:00,1,1,Objective-C,1,1,'
LimHyungTae,LimHyungTae/Kimera-Multi-LCD,2024-08-17 23:17:14+00:00,1,1,',1,0,"BSD 2-Clause ""Simplified"" License"
Foundation-Devices,Foundation-Devices/libblur,2024-08-17 13:24:51+00:00,0,0,',1,1,Apache License 2.0
LimHyungTae,LimHyungTae/Kimera-RPGO,2024-08-16 21:40:33+00:00,0,0,',1,1,"BSD 2-Clause ""Simplified"" License"
JohnbelMDev,JohnbelMDev/AI-Scientist,2024-08-16 02:14:09+00:00,0,0,',1,1,Apache License 2.0
djcas9,djcas9/AMDVLK,2024-08-16 01:49:19+00:00,0,0,',1,1,MIT License
SuperBruceJia,SuperBruceJia/Awesome-Mixture-of-Experts,2024-08-15 18:24:18+00:00,6,6,',1,1,MIT License
timcappalli,timcappalli/pgp.timcappalli.me,2024-08-15 01:45:57+00:00,0,0,HTML,0,0,'
timcappalli,timcappalli/nhl-schedule-csv,2024-08-15 01:15:22+00:00,0,0,JavaScript,0,0,MIT License
timcappalli,timcappalli/nhl-schedule-ics,2024-08-14 11:52:37+00:00,2,2,JavaScript,0,0,MIT License
securingdev,securingdev/Deepfake-Live,2024-08-13 14:39:50+00:00,0,0,',1,1,GNU Affero General Public License v3.0
djcas9,djcas9/Deep-Live-Cam,2024-08-12 20:02:11+00:00,0,0,Python,1,1,GNU Affero General Public License v3.0
danieloh30,danieloh30/CamelQuarkusVoter,2024-08-12 18:20:39+00:00,0,0,',1,1,Apache License 2.0
bit101,bit101/blsurface,2024-08-12 03:07:36+00:00,0,0,Go,1,1,'
mjmacarty,mjmacarty/OIM6301_F24,2024-08-10 18:17:42+00:00,1,1,Jupyter Notebook,1,1,MIT License
SuperBruceJia,SuperBruceJia/Awesome-Large-Vision-Language-Model,2024-08-10 17:07:02+00:00,11,11,',1,1,MIT License
dbhurley,dbhurley/Deep-Live-Cam,2024-08-10 13:00:30+00:00,0,0,',1,1,GNU Affero General Public License v3.0
MarkFontenot,MarkFontenot/24su-3200-project-template,2024-08-10 09:49:44+00:00,0,0,',1,1,'
jwalsh,jwalsh/defcon32-talk-summarizer,2024-08-10 02:32:41+00:00,0,0,Python,1,1,'
thePunderWoman,thePunderWoman/angular-movies,2024-08-09 18:06:19+00:00,1,1,',1,1,MIT License
neuralmagic,neuralmagic/mamba,2024-08-08 21:40:26+00:00,0,0,',1,0,Apache License 2.0
Hasaber8,Hasaber8/bob,2024-08-08 17:23:18+00:00,0,0,Go,1,0,MIT License
tekknolagi,tekknolagi/buildroot,2024-08-08 16:12:45+00:00,0,0,',1,1,Other
neuralmagic,neuralmagic/causal-conv1d,2024-08-08 15:45:52+00:00,0,0,',1,1,"BSD 3-Clause ""New"" or ""Revised"" License"
benborgers,benborgers/mintlify-docs,2024-08-08 03:11:10+00:00,0,0,MDX,1,1,'
deciduously,deciduously/bootstrap,2024-08-07 01:01:16+00:00,0,0,',1,1,MIT License
nareshbhatia,nareshbhatia/ai-experiments,2024-08-06 22:23:19+00:00,1,1,TypeScript,1,1,'
snyk-labs,snyk-labs/add-ignore-reason-to-csv-report,2024-08-06 20:29:06+00:00,1,1,Python,1,1,'
teddykoker,teddykoker/mp-api,2024-08-06 19:22:47+00:00,0,0,',1,0,Other
timcappalli,timcappalli/webappsec-credential-management,2024-08-06 18:53:48+00:00,0,0,HTML,1,1,Other
cameronraysmith,cameronraysmith/andaime,2024-08-06 13:43:17+00:00,0,0,',1,1,Apache License 2.0
mikesplain,mikesplain/changedetection.io,2024-08-06 13:39:02+00:00,0,0,',1,1,Apache License 2.0
Dynatrace,Dynatrace/anomaly-simulation-service,2024-08-06 10:00:32+00:00,0,0,Go,1,1,Apache License 2.0
berquist,berquist/anndata,2024-08-04 22:29:46+00:00,0,0,',1,0,"BSD 3-Clause ""New"" or ""Revised"" License"
freddiev4,freddiev4/litellm,2024-08-02 04:02:20+00:00,0,0,',1,1,Other
cameronraysmith,cameronraysmith/arrow,2024-08-01 21:37:53+00:00,0,0,',1,0,Apache License 2.0
jambonrose,jambonrose/lincolnloop-django-layout,2024-08-01 18:19:49+00:00,0,0,',1,1,'
thePunderWoman,thePunderWoman/angular-cli,2024-08-01 15:43:55+00:00,0,0,',1,0,MIT License
brohrer,brohrer/e2eml-library,2024-08-01 12:34:44+00:00,1,1,HTML,1,1,'
rmeschian,rmeschian/cpp-tic-tac-toe,2024-08-01 10:02:07+00:00,1,1,C++,1,1,'
groovemonkey,groovemonkey/explorations,2024-07-31 18:32:31+00:00,1,1,Elixir,1,1,'
bellesea,bellesea/hack-hour,2024-07-31 14:37:20+00:00,0,0,TypeScript,1,1,'
cameronraysmith,cameronraysmith/actix,2024-07-31 02:24:04+00:00,0,0,',1,1,Apache License 2.0
thePunderWoman,thePunderWoman/fluidd,2024-07-30 23:27:14+00:00,0,0,',1,0,GNU General Public License v3.0
vEnhance,vEnhance/compfiles,2024-07-30 19:16:59+00:00,0,0,',1,1,Apache License 2.0
neogeek,neogeek/a11ytk-rewrite,2024-07-30 19:16:45+00:00,0,0,C#,0,0,MIT License
cskonopka,cskonopka/cskonopka,2024-07-29 21:31:47+00:00,0,0,',1,1,'
SuperBruceJia,SuperBruceJia/Awesome-Evidence-based-Medicine,2024-07-29 18:57:03+00:00,1,1,',1,1,MIT License
BobGerman,BobGerman/copilot-camp,2024-07-29 17:14:57+00:00,1,1,TypeScript,1,1,MIT License
clintval,clintval/containers,2024-07-28 15:33:14+00:00,0,0,',1,0,Apache License 2.0
klaviyo,klaviyo/buildkite-agent-scaler-fork,2024-07-27 22:41:13+00:00,0,0,',1,1,MIT License
aaxwaz,aaxwaz/awesome-talking-head-generation,2024-07-27 06:12:30+00:00,0,0,',1,1,'
REMitchell,REMitchell/unlocking-python,2024-07-26 16:37:19+00:00,3,3,Jupyter Notebook,1,1,'
neuralmagic,neuralmagic/lm-evaluation-harness,2024-07-26 04:14:22+00:00,2,2,Python,1,1,MIT License
MTACS,MTACS/CrossOverIPC,2024-07-24 14:40:18+00:00,3,3,Objective-C++,1,1,MIT License
snyk-labs,snyk-labs/getting-started-with-snyk-snowflake-streamlit,2024-07-24 11:14:26+00:00,0,0,Python,1,1,'
maddymontaquila,maddymontaquila/swag,2024-07-23 22:02:19+00:00,0,0,',1,1,Creative Commons Zero v1.0 Universal
CharlesCreativeContent,CharlesCreativeContent/argo-agents,2024-07-23 11:09:00+00:00,1,1,',1,1,'
radical,radical/BlazorMinifiedJs,2024-07-23 01:19:55+00:00,0,0,',1,1,MIT License
ssalbdivad,ssalbdivad/viem,2024-07-22 03:24:10+00:00,1,1,TypeScript,1,0,Other
ssalbdivad,ssalbdivad/tsx,2024-07-21 22:58:54+00:00,1,1,TypeScript,1,0,MIT License
YingboMa,YingboMa/Adv360-Pro-ZMK,2024-07-21 18:33:39+00:00,0,0,Shell,1,1,MIT License
djcas9,djcas9/community-pocs,2024-07-21 15:36:44+00:00,0,0,',1,0,GNU General Public License v3.0
elibarzilay,elibarzilay/n,2024-07-20 03:51:51+00:00,0,0,Shell,1,1,MIT License
cameronraysmith,cameronraysmith/aria2-ws-rs,2024-07-20 03:45:59+00:00,0,0,',1,1,MIT License
cameronraysmith,cameronraysmith/aria2,2024-07-20 03:43:27+00:00,0,0,',1,1,GNU General Public License v2.0
Wilto,Wilto/eleventy-plugin-twig,2024-07-19 12:37:45+00:00,0,0,',1,0,'
maddymontaquila,maddymontaquila/ohmyposh-config,2024-07-19 01:56:58+00:00,0,0,',1,1,MIT License
processing,processing/p5.js-offline-reference,2024-07-18 20:49:08+00:00,1,1,JavaScript,1,1,'
maddymontaquila,maddymontaquila/PlantLadyGoesAspire,2024-07-18 20:34:24+00:00,6,6,C#,1,1,MIT License
johnny-rice,johnny-rice/5k-race-director,2024-07-18 01:04:03+00:00,1,1,',1,1,'
groovemonkey,groovemonkey/elixir-pdf-generator,2024-07-17 19:57:33+00:00,0,0,',1,1,MIT License
berquist,berquist/basis_set_exchange,2024-07-17 02:15:34+00:00,0,0,',1,0,"BSD 3-Clause ""New"" or ""Revised"" License"
Foundation-Devices,Foundation-Devices/bc-components-rust,2024-07-16 16:19:37+00:00,0,0,Rust,1,1,Other
mahmoodlab,mahmoodlab/MADELEINE,2024-07-16 14:22:55+00:00,30,30,Python,1,0,Other
rachelkang,rachelkang/MauiCharts,2024-07-15 16:14:03+00:00,9,9,C#,1,0,MIT License
dragonstyle,dragonstyle/inspect_ai,2024-07-15 14:12:51+00:00,0,0,Python,1,0,MIT License
Foundation-Devices,Foundation-Devices/bc-dcbor-rust,2024-07-15 11:48:02+00:00,0,0,Rust,1,1,Other
eagleoflqj,eagleoflqj/DocVitePressOMR,2024-07-15 03:36:24+00:00,0,0,',1,1,'
bit101,bit101/blchart,2024-07-14 01:39:54+00:00,1,1,Go,1,1,'
haehn,haehn/Awesome-Chart-Understanding,2024-07-13 15:40:15+00:00,0,0,',1,1,'
dbrant,dbrant/dependabot-core,2024-07-13 14:54:39+00:00,0,0,',1,0,MIT License
deciduously,deciduously/cctools-port,2024-07-12 16:35:36+00:00,0,0,',1,1,'
deciduously,deciduously/apple-libdispatch,2024-07-12 16:35:14+00:00,0,0,',1,0,Apache License 2.0
ericminikel,ericminikel/base_editing,2024-07-11 19:54:05+00:00,0,0,R,1,1,Creative Commons Attribution 4.0 International
r3k2,r3k2/brokaw,2024-07-11 19:34:45+00:00,0,0,',1,1,MIT License
yukyunglee,yukyunglee/RAPID,2024-07-11 14:07:33+00:00,0,0,',1,0,'
dylanebert,dylanebert/ml-for-3d-course-notebooks,2024-07-10 17:13:17+00:00,1,1,Jupyter Notebook,1,0,MIT License
dbhurley,dbhurley/AFFiNE,2024-07-10 17:02:33+00:00,0,0,',1,0,Other
odewahn,odewahn/audiobook-test,2024-07-10 15:02:48+00:00,0,0,',1,1,'
ehynds,ehynds/intl-tel-input,2024-07-10 14:29:06+00:00,0,0,',1,1,MIT License
rwest,rwest/Boron_Nitride,2024-07-09 20:06:14+00:00,0,0,',1,1,'
mwand,mwand/nim-sockets-webapp,2024-07-09 19:53:23+00:00,0,0,HTML,1,1,'
neuralmagic,neuralmagic/evalplus,2024-07-09 18:03:26+00:00,0,0,Python,1,0,Apache License 2.0
alamb,alamb/datafusion-site,2024-07-09 11:57:37+00:00,0,0,',1,0,'
xianfei,xianfei/Vach,2024-07-09 09:14:09+00:00,0,0,',1,1,'
jeremydaly,jeremydaly/gps-tracking-ampt,2024-07-08 19:44:43+00:00,0,0,TypeScript,1,1,'
mikesplain,mikesplain/aladdin-connect-temp,2024-07-08 13:28:45+00:00,0,0,Python,1,1,MIT License
eyeseast,eyeseast/boston-neighborhoods,2024-07-07 14:44:43+00:00,0,0,Makefile,1,1,'
nikomatsakis,nikomatsakis/append-only-vec,2024-07-07 12:12:38+00:00,0,0,Rust,1,1,'
LimHyungTae,LimHyungTae/evo,2024-07-05 18:59:13+00:00,0,0,',1,1,GNU General Public License v3.0
mairin,mairin/dev-docs,2024-07-04 16:58:01+00:00,0,0,Makefile,1,1,Apache License 2.0
johntango,johntango/Agents_NewsGather,2024-07-04 15:17:26+00:00,1,1,JavaScript,1,1,MIT License
radical,radical/extensions,2024-07-04 09:43:15+00:00,0,0,',1,1,MIT License
JohnbelMDev,JohnbelMDev/AgentBaker,2024-07-04 05:38:06+00:00,0,0,',1,1,MIT License
JohnbelMDev,JohnbelMDev/azure-docs-sdk-java,2024-07-04 05:02:33+00:00,0,0,',1,1,Creative Commons Attribution 4.0 International
djcas9,djcas9/Arboretum,2024-07-02 18:45:08+00:00,0,0,',1,0,'
Foundation-Devices,Foundation-Devices/clang-sys,2024-07-02 13:38:35+00:00,0,0,',1,0,Apache License 2.0
eweitz,eweitz/kaavio,2024-07-02 01:36:43+00:00,0,0,',1,1,'
eweitz,eweitz/pvjs,2024-07-02 01:17:25+00:00,0,0,',1,1,Apache License 2.0
jwalsh,jwalsh/aws-architecture-decomposition-lab,2024-06-30 21:27:25+00:00,0,0,Mermaid,1,1,Other
johnny-rice,johnny-rice/30-Days-Of-Python,2024-06-29 21:41:28+00:00,0,0,Python,1,1,'
astorije,astorije/boston-ts-website,2024-06-28 05:30:18+00:00,0,0,',1,0,MIT License
lambdageek,lambdageek/dac-nullptr,2024-06-27 15:32:22+00:00,0,0,C++,1,1,'
djcas9,djcas9/btop,2024-06-26 19:20:58+00:00,0,0,C++,1,1,Apache License 2.0
tibbon,tibbon/audio_blackbox,2024-06-25 22:43:43+00:00,2,2,Rust,1,1,'
bellesea,bellesea/data,2024-06-25 19:31:58+00:00,0,0,',1,1,'
msbarry,msbarry/geoparquet,2024-06-24 23:55:14+00:00,1,1,',1,1,Apache License 2.0
nareshbhatia,nareshbhatia/figma-code-generation,2024-06-24 20:24:45+00:00,0,0,TypeScript,1,1,'
chiroptical,chiroptical/elp-issue,2024-06-23 19:56:24+00:00,0,0,Erlang,1,1,Apache License 2.0
teddykoker,teddykoker/e3nn.c,2024-06-23 19:04:43+00:00,15,15,C,1,0,MIT License
dbrant,dbrant/artifacts,2024-06-23 14:43:07+00:00,0,0,',1,1,Apache License 2.0
JohnbelMDev,JohnbelMDev/BosqueLanguage,2024-06-23 05:28:24+00:00,0,0,',1,0,Other
rdwrome,rdwrome/rdwrstrudelworkshop,2024-06-22 21:49:24+00:00,0,0,',1,1,MIT License
snyk-labs,snyk-labs/devsec-events-aggregator,2024-06-22 16:48:11+00:00,0,0,',1,1,MIT License
chaarlottte,chaarlottte/gitprofile,2024-06-22 16:45:29+00:00,0,0,TypeScript,1,0,MIT License
huy-nguyen,huy-nguyen/bug-demo-mui-data-grid-tree-collapse,2024-06-22 16:32:20+00:00,0,0,TypeScript,1,1,'
thePunderWoman,thePunderWoman/AmidalaFirmware,2024-06-22 01:16:08+00:00,0,0,',1,1,GNU General Public License v2.0
dylanebert,dylanebert/MeshAnything,2024-06-21 15:35:05+00:00,0,0,',1,1,Other
BobGerman,BobGerman/api-me-sso,2024-06-20 20:00:23+00:00,0,0,Bicep,1,1,MIT License
rdwrome,rdwrome/mehetabel,2024-06-20 19:05:08+00:00,0,0,SuperCollider,1,1,'
rdwrome,rdwrome/git-novice,2024-06-20 15:36:08+00:00,0,0,',1,0,Other
neuralmagic,neuralmagic/llm-foundry,2024-06-20 14:14:30+00:00,0,0,Python,1,1,Apache License 2.0
neuralmagic,neuralmagic/MixEval,2024-06-20 14:13:48+00:00,0,0,Python,1,1,'
LimHyungTae,LimHyungTae/FAST-LIO-SAM-QN,2024-06-20 00:23:13+00:00,0,0,',1,1,Other
mendix,mendix/ai-bot-starter-app,2024-06-19 11:39:36+00:00,1,1,SCSS,1,1,MIT License
mguay22,mguay22/artillery-load-testing,2024-06-16 01:07:07+00:00,0,0,TypeScript,1,1,'
trevor-e,trevor-e/highstorm,2024-06-16 00:09:25+00:00,0,0,TypeScript,1,1,'
dana-at-cp,dana-at-cp/malware-cryptominer-container,2024-06-15 02:14:40+00:00,0,0,',1,0,Apache License 2.0
dana-at-cp,dana-at-cp/CloudGuard-ShiftLeft-CICD,2024-06-14 22:18:00+00:00,0,0,',1,1,'
dana-at-cp,dana-at-cp/spectral-goat,2024-06-14 19:05:03+00:00,0,0,',1,1,'
dana-at-cp,dana-at-cp/docker-xmrig,2024-06-14 18:10:55+00:00,0,0,',1,1,MIT License
djcas9,djcas9/browser-vm,2024-06-13 14:04:05+00:00,0,0,',1,1,MIT License
mautic,mautic/GrapesJsCustomPluginBundle,2024-06-13 13:52:27+00:00,0,0,PHP,0,0,'
cameronraysmith,cameronraysmith/apptainer,2024-06-12 23:07:54+00:00,0,0,',1,1,Other
rdwrome,rdwrome/tidal-doc,2024-06-12 19:14:47+00:00,0,0,',1,1,GNU General Public License v3.0
Wilto,Wilto/booksite,2024-06-12 16:36:01+00:00,0,0,',1,1,MIT License
ericwbailey,ericwbailey/it-is-not-an-accessibility-job-if-it-is-in-office-only.com,2024-06-12 16:32:40+00:00,1,1,HTML,0,0,MIT License
djcas9,djcas9/Boxedwine,2024-06-12 12:25:03+00:00,0,0,',1,1,GNU General Public License v2.0
JohnbelMDev,JohnbelMDev/azure-sdk-for-java,2024-06-12 03:13:34+00:00,0,0,',1,1,MIT License
JohnbelMDev,JohnbelMDev/aks-app-routing-operator,2024-06-12 02:26:31+00:00,0,0,',1,0,MIT License
JohnbelMDev,JohnbelMDev/azure-sdk-for-python,2024-06-11 16:08:28+00:00,0,0,',1,1,MIT License
JohnbelMDev,JohnbelMDev/alzlib,2024-06-11 16:06:56+00:00,0,0,',1,0,MIT License
erkyrath,erkyrath/abplus-dict,2024-06-10 16:38:15+00:00,1,1,',1,1,MIT License
AGWA,AGWA/sunglasses,2024-06-09 15:10:41+00:00,5,5,Go,1,1,Other
dmitrizagidulin,dmitrizagidulin/cg-reports,2024-06-08 00:37:44+00:00,0,0,',1,0,'
johnny-rice,johnny-rice/Adobe-Alternatives,2024-06-07 18:08:34+00:00,0,0,',1,1,'
mattfeltonma,mattfeltonma/azure-demo-avnm,2024-06-07 11:53:16+00:00,0,0,',1,1,MIT License
ssalbdivad,ssalbdivad/cloudinary-util,2024-06-07 10:11:56+00:00,0,0,TypeScript,1,0,MIT License
dylanebert,dylanebert/iso3d,2024-06-06 23:47:36+00:00,0,0,Python,1,1,'
weihanglo,weihanglo/nix-rustc,2024-06-06 15:35:35+00:00,0,0,',1,0,"BSD 3-Clause ""New"" or ""Revised"" License"
snyk-labs,snyk-labs/github-actions-scanner,2024-06-05 14:11:25+00:00,36,36,JavaScript,1,1,Apache License 2.0
ab,ab/card-designs,2024-06-05 00:33:53+00:00,1,1,HTML,0,0,Mozilla Public License 2.0
ssalbdivad,ssalbdivad/json-resolutions-repro,2024-06-04 20:43:25+00:00,0,0,TypeScript,1,1,MIT License
tekknolagi,tekknolagi/blog-comments,2024-06-04 19:49:48+00:00,0,0,',1,1,'
Foundation-Devices,Foundation-Devices/mempool,2024-06-03 15:43:40+00:00,0,0,',1,0,Other
makslevental,makslevental/iree-bare-metal-arm,2024-06-02 21:11:36+00:00,0,0,',1,0,'
bmac,bmac/cucumber-js-tsflow,2024-06-02 16:10:32+00:00,0,0,',1,1,MIT License
djcas9,djcas9/AFFiNE,2024-06-02 02:14:26+00:00,0,0,',1,0,Other
PeerHerholz,PeerHerholz/course_template,2024-06-01 20:42:11+00:00,0,0,Python,1,1,"BSD 3-Clause ""New"" or ""Revised"" License"
jwalsh,jwalsh/anthropic-tools,2024-05-31 15:26:18+00:00,0,0,Clojure,1,1,Other
rbaghdadi,rbaghdadi/rbaghdadi.github.io,2024-05-31 09:14:32+00:00,1,1,HTML,1,1,'
hbctraining,hbctraining/Intro-to-R-mkdocs,2024-05-31 02:41:36+00:00,0,0,Python,1,1,'
eweitz,eweitz/wikipathways.github.io,2024-05-31 00:52:39+00:00,0,0,',1,0,'
mahmoodlab,mahmoodlab/hest-website,2024-05-30 09:40:38+00:00,2,2,CSS,1,0,Creative Commons Zero v1.0 Universal
joshuaclayton,joshuaclayton/elm-report-builder,2024-05-30 00:48:00+00:00,1,1,Elm,0,0,MIT License
neuralmagic,neuralmagic/guidellm,2024-05-29 21:54:22+00:00,149,149,Python,1,1,Apache License 2.0
endless-sky,endless-sky/endless-sky-wiki,2024-05-29 14:21:58+00:00,6,6,',1,1,GNU General Public License v3.0
NickCao,NickCao/beaker,2024-05-28 20:21:56+00:00,0,0,Python,1,0,GNU General Public License v2.0
processing,processing/p5.sound.js,2024-05-28 18:13:41+00:00,9,9,JavaScript,1,1,GNU Lesser General Public License v2.1
xianfei,xianfei/xianfei-resume,2024-05-28 16:32:43+00:00,0,0,HTML,1,1,'
xianfei,xianfei/xianfei-website-homepage,2024-05-28 16:26:31+00:00,0,0,HTML,1,1,'
xianfei,xianfei/xianfei-papers,2024-05-28 15:41:17+00:00,0,0,JavaScript,1,1,'
NickCao,NickCao/beaker-playground,2024-05-28 15:19:17+00:00,0,0,Shell,1,1,Apache License 2.0
leoleoasd,leoleoasd/CEACStatusBot,2024-05-28 08:42:37+00:00,0,0,Python,1,1,GNU General Public License v3.0
nirvdrum,nirvdrum/3D_Printing_Tools,2024-05-27 21:46:53+00:00,0,0,',1,1,GNU Lesser General Public License v2.1
bellesea,bellesea/10daysoverview,2024-05-26 23:03:20+00:00,0,0,',1,1,'
securingdev,securingdev/imgix-3-0,2024-05-26 20:02:31+00:00,1,1,JavaScript,1,1,"BSD 2-Clause ""Simplified"" License"
securingdev,securingdev/trufflehog,2024-05-25 01:10:08+00:00,0,0,',1,0,GNU Affero General Public License v3.0
tianweiy,tianweiy/DMD2,2024-05-24 02:30:31+00:00,483,483,Python,1,1,Other
KeithGalli,KeithGalli/advanced-scraping,2024-05-23 20:47:23+00:00,7,7,Python,1,1,MIT License
ssalbdivad,ssalbdivad/resolvers,2024-05-23 18:58:56+00:00,0,0,TypeScript,1,1,MIT License
ssalbdivad,ssalbdivad/middleware,2024-05-23 15:59:20+00:00,0,0,TypeScript,1,1,'
mahmoodlab,mahmoodlab/MMP,2024-05-23 10:05:55+00:00,54,54,Jupyter Notebook,1,0,Other
Char2sGu,Char2sGu/angular,2024-05-23 08:38:08+00:00,0,0,',1,0,MIT License
ssalbdivad,ssalbdivad/action,2024-05-22 21:48:45+00:00,0,0,',1,0,Other
starburstdata,starburstdata/actions-cache,2024-05-22 20:33:19+00:00,1,1,',1,1,MIT License
NickCao,NickCao/crossbar,2024-05-22 16:36:12+00:00,0,0,Python,1,1,Other
bcardarella,bcardarella/sourceror,2024-05-22 15:45:27+00:00,0,0,Erlang,1,1,Apache License 2.0
mattfeltonma,mattfeltonma/azure-vm-bootstrap-scripts,2024-05-22 14:51:35+00:00,0,0,PowerShell,1,1,MIT License
makslevental,makslevental/euDSL,2024-05-21 02:04:19+00:00,0,0,CMake,1,1,Apache License 2.0
roblarsen,roblarsen/comic-data-api,2024-05-20 19:09:10+00:00,0,0,JavaScript,1,1,MIT License
nixpulvis,nixpulvis/async-reconnect-woes,2024-05-20 17:58:06+00:00,0,0,',1,1,'
mjmacarty,mjmacarty/options_rolling_calls,2024-05-20 16:09:57+00:00,0,0,',1,1,'
MarkFontenot,MarkFontenot/DatabaseSandbox,2024-05-20 09:18:17+00:00,0,0,',1,1,'
chiroptical,chiroptical/erlang-language-platform,2024-05-20 00:07:17+00:00,0,0,',1,0,Apache License 2.0
johnny-rice,johnny-rice/100-exercises-to-learn-rust,2024-05-19 13:24:02+00:00,0,0,Rust,1,1,'
johnny-rice,johnny-rice/adrianhajdin-portfolio,2024-05-19 13:23:54+00:00,0,0,',1,1,'
astuyve,astuyve/local-vercel-plain-function,2024-05-18 20:46:07+00:00,0,0,TypeScript,1,1,Other
astuyve,astuyve/curler-counter,2024-05-18 19:01:38+00:00,0,0,Rust,1,1,Other
securingdev,securingdev/graphqlMaker,2024-05-18 16:55:56+00:00,1,1,',1,1,'
securingdev,securingdev/ResourcesSaverExt,2024-05-18 16:55:48+00:00,1,1,',1,1,GNU General Public License v3.0
ab,ab/ab,2024-05-17 21:00:20+00:00,0,0,',1,1,'
chiroptical,chiroptical/100-exercises-to-learn-rust,2024-05-17 19:03:52+00:00,0,0,Rust,1,1,'
ericwbailey,ericwbailey/ericwbailey,2024-05-17 18:42:51+00:00,1,1,',1,1,'
djcas9,djcas9/CRISPResso2,2024-05-16 12:56:50+00:00,0,0,',1,0,Other
rexwangcc,rexwangcc/terraform-provider-supabase,2024-05-16 07:22:28+00:00,0,0,',1,0,Mozilla Public License 2.0
MarkFontenot,MarkFontenot/doc-blog-test-local,2024-05-16 05:31:10+00:00,0,0,',1,1,'
securingdev,securingdev/PayloadsAllTheThings,2024-05-15 23:42:59+00:00,1,1,',1,0,MIT License
securingdev,securingdev/SecLists,2024-05-15 23:32:01+00:00,1,1,',1,1,MIT License
benborgers,benborgers/photos,2024-05-15 16:37:53+00:00,2,2,PHP,1,1,'
DockYard,DockYard/disklavier,2024-05-15 15:02:31+00:00,9,9,Elixir,1,1,'
tel,tel/cxx_bzlmod_repro,2024-05-15 14:28:22+00:00,0,0,Starlark,1,1,'
astuyve,astuyve/lambda-web-adapter-plain-function,2024-05-15 11:58:02+00:00,0,0,JavaScript,1,1,MIT License
astuyve,astuyve/hono-plain-function,2024-05-15 11:52:45+00:00,0,0,TypeScript,1,1,MIT License
mattfeltonma,mattfeltonma/azure-demo-labs-tf,2024-05-15 11:48:52+00:00,14,14,HCL,1,1,MIT License
vEnhance,vEnhance/automorphic-project,2024-05-15 01:09:17+00:00,0,0,TeX,1,1,Other
securingdev,securingdev/httpx,2024-05-14 19:58:42+00:00,1,1,',1,1,MIT License
securingdev,securingdev/anew,2024-05-14 19:56:46+00:00,1,1,',1,1,MIT License
securingdev,securingdev/gungnir,2024-05-14 19:56:24+00:00,1,1,',1,0,MIT License
mwand,mwand/supabase,2024-05-14 19:13:13+00:00,0,0,',1,0,Apache License 2.0
cfredric,cfredric/chromium,2024-05-14 16:27:50+00:00,0,0,',1,0,"BSD 3-Clause ""New"" or ""Revised"" License"
bit101,bit101/artfromcodesite,2024-05-14 11:01:21+00:00,0,0,HTML,1,1,'
johnny-rice,johnny-rice/agentscope,2024-05-13 20:09:59+00:00,0,0,Python,1,1,Apache License 2.0
ssalbdivad,ssalbdivad/mud,2024-05-13 19:22:52+00:00,0,0,TypeScript,1,0,MIT License
djcas9,djcas9/alacritty,2024-05-13 16:53:44+00:00,0,0,',1,1,Apache License 2.0
bit101,bit101/artfromcode,2024-05-13 01:27:54+00:00,1,1,Go,1,1,'
makslevental,makslevental/jailbreak-11,2024-05-12 23:38:25+00:00,0,0,',1,0,MIT License
Divide-By-0,Divide-By-0/coursetexts-notion,2024-05-12 10:58:18+00:00,0,0,TypeScript,1,1,MIT License
johnny-rice,johnny-rice/ai-group-tabs,2024-05-11 22:33:49+00:00,0,0,',1,1,MIT License
Krastanov,Krastanov/LinearSolve.jl,2024-05-11 05:29:43+00:00,0,0,',1,1,Other
Foundation-Devices,Foundation-Devices/hex-conservative,2024-05-10 11:29:22+00:00,0,0,',1,1,Creative Commons Zero v1.0 Universal
harryzhangOG,harryzhangOG/salved,2024-05-09 21:39:10+00:00,1,1,Python,1,1,MIT License
natesales,natesales/dnscrypt,2024-05-09 20:59:08+00:00,0,0,Go,1,1,The Unlicense
neuralmagic,neuralmagic/cutlass,2024-05-09 20:40:39+00:00,0,0,C++,1,1,Other
mwand,mwand/NodeBB,2024-05-09 20:15:05+00:00,0,0,JavaScript,1,1,GNU General Public License v3.0
natea,natea/django,2024-05-09 17:19:53+00:00,0,0,',1,0,"BSD 3-Clause ""New"" or ""Revised"" License"
neogeek,neogeek/create-onlybuild-app,2024-05-09 15:35:45+00:00,0,0,JavaScript,0,0,MIT License
djcas9,djcas9/anything-llm,2024-05-09 15:19:35+00:00,0,0,',1,1,MIT License
johnny-rice,johnny-rice/ai-shell,2024-05-08 02:44:03+00:00,0,0,TypeScript,1,1,MIT License
CharlesCreativeContent,CharlesCreativeContent/aws-selenium-ide,2024-05-07 22:46:25+00:00,1,1,',1,1,'
andralex,andralex/cpp_proposals,2024-05-07 19:19:33+00:00,0,0,HTML,1,1,'
clintval,clintval/homebrew-core,2024-05-07 17:52:06+00:00,0,0,',1,0,"BSD 2-Clause ""Simplified"" License"
clintval,clintval/conda-forge-pinning-feedstock,2024-05-06 19:22:14+00:00,0,0,',1,0,"BSD 3-Clause ""New"" or ""Revised"" License"
djcas9,djcas9/BioSignal-Recorder,2024-05-06 15:11:30+00:00,0,0,',1,1,MIT License
djcas9,djcas9/BioAmp-EXG-Pill,2024-05-06 15:06:42+00:00,0,0,',1,1,Other
cameronraysmith,cameronraysmith/async-graphql,2024-05-06 02:46:34+00:00,0,0,',1,1,Apache License 2.0
cameronraysmith,cameronraysmith/apollo-router,2024-05-06 02:37:18+00:00,0,0,Rust,1,0,Other
astuyve,astuyve/aws-lambda-plain-function,2024-05-06 00:25:37+00:00,0,0,JavaScript,1,1,Other
bcardarella,bcardarella/elixir,2024-05-05 10:21:34+00:00,0,0,',1,1,Apache License 2.0
alexanderepstein,alexanderepstein/litellm,2024-05-05 03:07:29+00:00,1,1,',1,1,Other
KeithGalli,KeithGalli/complete-pandas-tutorial,2024-05-04 20:05:04+00:00,64,64,Jupyter Notebook,1,1,MIT License
johnny-rice,johnny-rice/agora-flat-classroom,2024-05-03 19:05:50+00:00,0,0,TypeScript,1,1,MIT License
fawce,fawce/challenges,2024-05-03 02:16:29+00:00,0,0,Jupyter Notebook,1,1,Apache License 2.0
bcarrier,bcarrier/MDE-DFIR-Resources,2024-05-02 20:45:04+00:00,0,0,',1,1,MIT License
makslevental,makslevental/llvmlite,2024-05-02 15:17:22+00:00,0,0,',1,0,"BSD 2-Clause ""Simplified"" License"
cameronraysmith,cameronraysmith/actix-web,2024-05-02 03:13:54+00:00,0,0,',1,1,Apache License 2.0
mwand,mwand/activitypub11,2024-05-01 18:09:03+00:00,0,0,HTML,1,1,'
mwand,mwand/activitypub1,2024-05-01 17:57:06+00:00,0,0,',1,1,MIT License
johnny-rice,johnny-rice/aegis,2024-05-01 02:35:21+00:00,0,0,',1,1,Apache License 2.0
vEnhance,vEnhance/aur,2024-04-30 22:29:52+00:00,1,1,Shell,1,1,'
klaviyo,klaviyo/grpc,2024-04-30 17:46:47+00:00,0,0,',1,0,Apache License 2.0
rdwrome,rdwrome/cppfa24,2024-04-30 17:25:19+00:00,1,1,C++,1,1,'
rdwrome,rdwrome/261fa24,2024-04-30 17:25:08+00:00,0,0,Python,1,1,'
rdwrome,rdwrome/343fa24,2024-04-30 17:25:00+00:00,0,0,JavaScript,1,1,'
rdwrome,rdwrome/347fa24,2024-04-30 17:24:53+00:00,0,0,SuperCollider,1,1,'
processing,processing/pr05-grant,2024-04-30 08:49:25+00:00,13,13,',1,1,'
vicky002,vicky002/docs,2024-04-30 08:03:24+00:00,0,0,MDX,1,1,'
timcappalli,timcappalli/blog.timcappalli.me,2024-04-27 01:31:05+00:00,0,0,HTML,0,0,MIT License
mmargenot,mmargenot/orator,2024-04-25 21:42:14+00:00,3,3,Python,1,1,MIT License
snyk-labs,snyk-labs/delete-iac-projects,2024-04-25 21:12:54+00:00,0,0,Python,1,1,'
weihanglo,weihanglo/buildkit,2024-04-24 21:40:47+00:00,0,0,Rust,1,0,"BSD 3-Clause ""New"" or ""Revised"" License"
neuralmagic,neuralmagic/AutoFP8,2024-04-24 20:26:27+00:00,153,153,Python,1,1,Apache License 2.0
jwalsh,jwalsh/advanced-python,2024-04-24 19:26:54+00:00,3,3,Python,1,1,'
cameronraysmith,cameronraysmith/altair,2024-04-23 16:22:24+00:00,0,0,Python,1,0,"BSD 3-Clause ""New"" or ""Revised"" License"
theonewolf,theonewolf/neuralnetworks_and_deeplearning,2024-04-21 20:05:46+00:00,0,0,Python,1,1,MIT License
astuyve,astuyve/lyoink,2024-04-21 18:03:09+00:00,3,3,Rust,1,1,Other
cameronraysmith,cameronraysmith/aioreactive,2024-04-20 20:16:09+00:00,0,0,',1,1,MIT License
zachmayer,zachmayer/optimum,2024-04-18 14:27:58+00:00,0,0,Python,1,1,Apache License 2.0
jbardin,jbardin/terraform-plugin-go,2024-04-17 20:12:55+00:00,1,1,',1,0,Mozilla Public License 2.0
rexwangcc,rexwangcc/alpseek-comments,2024-04-17 16:36:39+00:00,0,0,',1,0,The Unlicense
eyurtsev,eyurtsev/httpx-sse,2024-04-17 13:46:48+00:00,1,1,',1,0,MIT License
Foundation-Devices,Foundation-Devices/micro-ecc-sys,2024-04-17 12:12:58+00:00,0,0,PHP,1,1,"BSD 2-Clause ""Simplified"" License"
dsandler,dsandler/Schwab-1099B-Parser,2024-04-17 03:33:21+00:00,0,0,',1,1,'
Char2sGu,Char2sGu/ng-doc,2024-04-16 22:37:58+00:00,0,0,',1,1,MIT License
a1600012888,a1600012888/PhysDreamer,2024-04-16 22:36:27+00:00,484,484,Python,1,1,'
thePunderWoman,thePunderWoman/dev-infra,2024-04-16 19:19:41+00:00,0,0,',1,0,MIT License
johnny-rice,johnny-rice/30-seconds-of-code,2024-04-15 22:27:37+00:00,0,0,JavaScript,1,1,Creative Commons Attribution 4.0 International
johnny-rice,johnny-rice/100xdevs-daily-code,2024-04-15 00:55:47+00:00,0,0,TypeScript,1,0,'
LimHyungTae,LimHyungTae/autoinstall,2024-04-14 21:36:12+00:00,15,15,Shell,1,1,'
Char2sGu,Char2sGu/elf,2024-04-14 19:51:53+00:00,0,0,',1,0,MIT License
makslevental,makslevental/CuAssembler,2024-04-14 17:44:32+00:00,0,0,',1,1,MIT License
astuyve,astuyve/pulumi_examples,2024-04-13 13:42:35+00:00,0,0,TypeScript,1,1,Apache License 2.0
johntango,johntango/Assistants_MultiAgents,2024-04-12 13:58:41+00:00,2,2,JavaScript,1,1,MIT License
johnny-rice,johnny-rice/aider,2024-04-12 01:10:15+00:00,1,1,Python,1,1,Apache License 2.0
processing,processing/p5.js-translator,2024-04-11 23:21:17+00:00,0,0,Svelte,1,1,'
neogeek,neogeek/chart-to-json,2024-04-11 22:02:48+00:00,0,0,JavaScript,0,0,MIT License
nareshbhatia,nareshbhatia/docker-demo,2024-04-11 18:31:58+00:00,0,0,CSS,1,1,'
jeffreybreen,jeffreybreen/pubtest,2024-04-10 20:46:35+00:00,0,0,Jupyter Notebook,1,1,'
dougqh,dougqh/jit-devnexus2024,2024-04-10 18:54:57+00:00,0,0,Java,1,1,'
lmweber,lmweber/academic-website-template-bs4,2024-04-10 18:27:53+00:00,0,0,',1,1,'
AIM-Harvard,AIM-Harvard/body-composition,2024-04-10 18:24:00+00:00,1,1,Python,1,1,'
ericminikel,ericminikel/cumulus-AC_1c,2024-04-10 14:14:19+00:00,0,0,',1,1,"BSD 3-Clause ""New"" or ""Revised"" License"
Foundation-Devices,Foundation-Devices/guix-mirror,2024-04-09 10:15:07+00:00,1,1,Scheme,0,0,GNU General Public License v3.0
brianyu28,brianyu28/multicolor,2024-04-08 22:45:21+00:00,4,4,TypeScript,1,1,'
Lanny-MacMillan,Lanny-MacMillan/AI_Chatbot,2024-04-08 16:15:48+00:00,5,5,TypeScript,1,1,'
mguay22,mguay22/clerk-nestjs-backend,2024-04-06 18:27:17+00:00,3,3,TypeScript,1,1,'
mguay22,mguay22/clerk-nestjs-ui,2024-04-06 18:26:48+00:00,2,2,TypeScript,1,1,'
radical,radical/aspire-samples,2024-04-05 19:56:55+00:00,0,0,',1,1,MIT License
amesar,amesar/mlflow-genai-fun,2024-04-05 16:54:47+00:00,0,0,Python,1,1,Apache License 2.0
LanceMcCarthy,LanceMcCarthy/blazor-docs,2024-04-05 12:45:35+00:00,0,0,',1,0,Apache License 2.0
Upstatement,Upstatement/flask,2024-04-05 11:49:41+00:00,0,0,Python,1,1,'
jvpoulos,jvpoulos/rtdl-revisiting-models,2024-04-04 21:22:59+00:00,0,0,',1,0,Apache License 2.0
jbardin,jbardin/pet-nulls-stack,2024-04-04 17:20:25+00:00,0,0,',1,1,Mozilla Public License 2.0
jonasrosland,jonasrosland/ciq-rocky-fips.github,2024-04-04 15:13:58+00:00,0,0,',1,1,'
ck37,ck37/dcurves,2024-04-04 12:27:02+00:00,0,0,',1,1,Other
timcappalli,timcappalli/oauth-first-party-apps,2024-04-03 22:52:07+00:00,0,0,Makefile,1,0,Other
thePunderWoman,thePunderWoman/angular,2024-04-03 22:01:14+00:00,1,1,TypeScript,1,0,MIT License
johnny-rice,johnny-rice/actions-toolkit,2024-04-03 14:46:11+00:00,0,0,TypeScript,1,0,MIT License
brianyu28,brianyu28/momentary,2024-04-03 03:57:37+00:00,3,3,TypeScript,1,1,'
trevor-e,trevor-e/tree-sitter-swift,2024-04-02 23:16:52+00:00,0,0,JavaScript,1,1,MIT License
mahmoodlab,mahmoodlab/tox-foundation-ui,2024-04-02 19:46:37+00:00,0,0,JavaScript,1,0,MIT License
neuralmagic,neuralmagic/compressed-tensors,2024-04-02 15:12:29+00:00,35,35,Python,1,1,Apache License 2.0
MarkFontenot,MarkFontenot/24s-project-video-examples,2024-04-02 13:29:37+00:00,0,0,',1,1,'
trevor-e,trevor-e/flight-finder,2024-04-01 04:43:33+00:00,1,1,Ruby,1,0,Apache License 2.0
leoleoasd,leoleoasd/deployment-tutorial,2024-03-31 21:44:27+00:00,0,0,Vue,1,1,'
mguay22,mguay22/grpc-http-benchmark,2024-03-31 03:32:00+00:00,1,1,TypeScript,1,1,'
mguay22,mguay22/config-module-builder,2024-03-30 18:29:20+00:00,0,0,TypeScript,1,1,'
PeerHerholz,PeerHerholz/bids_relmat,2024-03-30 18:10:00+00:00,0,0,Python,1,1,"BSD 3-Clause ""New"" or ""Revised"" License"
KeithGalli,KeithGalli/100-pandas-puzzles,2024-03-28 21:59:00+00:00,28,28,Jupyter Notebook,1,1,MIT License
dbhurley,dbhurley/auto-rebalancer-solana,2024-03-28 04:44:05+00:00,0,0,',1,1,'
AIM-Harvard,AIM-Harvard/fake2real,2024-03-27 20:21:28+00:00,1,1,Python,1,0,'
dylanebert,dylanebert/LGM,2024-03-27 20:01:27+00:00,0,0,Python,1,0,MIT License
